{"cameraMode":{"drawMode":0,"name":"Shaded","section":"Shading Mode"},"sceneLighting":true,"audioPlay":false,"sceneViewState":{"m_AlwaysRefresh":false,"showFog":true,"showSkybox":true,"showFlares":true,"showImageEffects":true,"showParticleSystems":true,"showVisualEffectGraphs":true,"m_FxEnabled":true},"in2DMode":false,"pivot":{"x":893.8023071289063,"y":525.0545043945313,"z":0.049163818359375},"rotation":{"x":0.1441061943769455,"y":-0.0008951305062510073,"z":0.0001304846373386681,"w":0.9895625710487366},"size":605.4713134765625,"orthographic":false}